year,year,month,day,hour,positive,count,context_c,weibo_c,context,weibo
2009,2009,12,29,23,0.389422,1,看魔女的条件看哭了，室友大惊。 ,1 ,"I cried while watching ""Terms for a Witch"" and shocked my roommate.",1
2010,2010,1,13,21,0.635582,1,,0 ,,0
2010,2010,5,26,18,0.256337,1,,0 ,,0
2010,2010,9,5,8,0.555823,1,,0 ,,
2010,2010,9,9,21,0.115724,1,,0 ,,
2010,2010,9,20,13,0.443792,1,,0 ,,
2010,2010,10,3,1,0.123913,1,,0 ,,
2010,2010,10,4,17,0.228266,1,,0 ,,
2010,2010,10,7,8,0.353043,1,,0 ,,
2010,2010,10,9,23,0.538116,1,,0 ,,
2010,2010,10,18,13,0.28114,1,,0 ,,
2010,2010,11,5,18,0.345199,1,,0 ,,
2010,2010,12,3,23,0.900235,1,,0 ,,
2010,2010,12,15,0,0.177195,1,,0 ,,
2010,2010,12,24,11,0.929336,1,,0 ,,
2010,2010,12,25,23,0.257109,1,,0 ,,
2010,2010,12,31,10,0.587532,1,,0 ,,
2011,2011,1,1,21,0.781743,1,,0 ,,
2011,2011,1,3,21,0.287998,1,,0 ,,
2011,2011,1,4,0,0.4199245,2,,0 ,,
2011,2011,1,5,20,0.38121,1,,0 ,,
2011,2011,1,6,14,0.556532,1,,0 ,,
2011,2011,1,8,13,0.152005,1,,0 ,,
2011,2011,1,11,19,0.726367,1,,0 ,,
2011,2011,1,11,20,0.91,1,,0 ,,
2011,2011,1,12,15,0.220168,1,看，他们转的多傻，快乐的人总是傻傻的 ? ,1 ,,
2011,2011,1,12,18,0.384715,1,,0 ,,
2011,2011,2,12,22,0.284938,1,,0 ,,
2011,2011,2,14,17,0.799175,1,,0 ,,
2011,2011,2,15,20,0.715383,1,,0 ,,
2011,2011,2,17,0,0.46,1,,0 ,,
2011,2011,2,20,22,0.370232,1,,0 ,,
2011,2011,2,24,11,0.5545495,2,,0 ,,
2011,2011,2,24,22,0.716967,1,,0 ,,
2011,2011,2,25,16,0.0919393,1,,0 ,,
2011,2011,2,28,23,0.270432,1,,0 ,,
2011,2011,3,1,23,0.854726,1,,0 ,,
2011,2011,3,3,8,0.557037,2,,0 ,,
2011,2011,3,3,23,0.413737,1,,0 ,,
2011,2011,3,4,21,0.678781,2,,0 ,,
2011,2011,3,5,18,0.211693,1,,0 ,,
2011,2011,3,6,12,0.44808,1,,0 ,,
2011,2011,3,6,23,0.125111,1,,0 ,,
2011,2011,3,8,21,0.342207,1,,0 ,,
2011,2011,3,15,20,0.612023,1,,0 ,,
2011,2011,3,16,8,0.626316,1,,0 ,,
2011,2011,3,16,19,0.509309,1,,0 ,,
2011,2011,3,17,17,0.392847,1,我的人生最无法抗拒之事之一是发神经，之二是发病，之三是憋尿。 ,1 ,"Three things I can't help doing in my life: flipping out, feeling depressed, and holding in my pee.",1
2011,2011,3,17,19,0.533255,1,,0 ,,
2011,2011,3,18,19,0.325411,1,,0 ,,
2011,2011,3,19,21,0.74,1,,0 ,,
2011,2011,3,24,20,0.348569,1,,0 ,,
2011,2011,3,26,12,0.0262956,1,,0 ,,
2011,2011,4,1,8,0.485205,1,,0 ,,
2011,2011,4,3,21,0.381536,1,,0 ,,
2011,2011,4,3,22,0.0474578,1,,0 ,,
2011,2011,4,5,15,0.40045,1,,0 ,,
2011,2011,4,5,20,0.6370765,2,,0 ,,
2011,2011,4,11,16,0.322355,1,,0 ,,
2011,2011,4,14,19,0.878029,1,,0 ,,
2011,2011,4,15,10,0.666222,1,,0 ,,
2011,2011,4,15,22,0.814604,1,,0 ,,
2011,2011,4,15,23,0.689472,1,,0 ,,
2011,2011,4,16,17,0.50747,1,,0 ,,
2011,2011,4,16,19,0.753193,1,,0 ,,
2011,2011,4,17,11,0.185479,1,,0 ,,
2011,2011,4,17,22,0.403224,1,,0 ,,
2011,2011,4,18,11,0.824913,1,,0 ,,
2011,2011,4,19,7,0.560118,1,,0 ,,
2011,2011,4,19,21,0.637396,1,,0 ,,
2011,2011,4,20,18,0.49627,1,,0 ,,
2011,2011,4,20,20,0.25232,1,,0 ,,
2011,2011,4,21,22,0.333078,1,,0 ,,
2011,2011,4,21,23,0.53,1,,0 ,,
2011,2011,4,23,0,0.520058,1,,0 ,,
2011,2011,4,23,21,0.346748,1,,0 ,,
2011,2011,4,24,0,0.557678,1,,0 ,,
2011,2011,4,24,18,0.564124,1,,0 ,,
2011,2011,4,25,22,0.583541,2,,0 ,,
2011,2011,4,27,0,0.501109,1,,0 ,,
2011,2011,4,28,11,0.26,1,,0 ,,
2011,2011,4,28,22,0.268014,1,,0 ,,
2011,2011,4,30,15,0.28,1,,0 ,,
2011,2011,5,1,1,0.0828649,1,,0 ,,
2011,2011,5,1,20,0.87151,1,,0 ,,
2011,2011,5,1,23,0.517055,1,,0 ,,
2011,2011,5,2,1,0.3812315,2,"为了想出让我入睡的理由,我一直不愿睡去 ",1 ,"To think of a reason to go to sleep, I'm not going to sleep.",1
2011,2011,5,2,14,0.169344,1,,0 ,,
2011,2011,5,4,10,0.153927,1,,0 ,,
2011,2011,5,4,11,0.357951,1,,0 ,,
2011,2011,5,4,12,0.0763342,1,,0 ,,
2011,2011,5,5,12,0.861986,1,,0 ,,
2011,2011,5,6,3,0.683277,1,,0 ,,
2011,2011,5,7,9,0.155028,1,,0 ,,
2011,2011,5,8,13,0.342581,2,,0 ,,
2011,2011,5,9,9,0.830775,1,,0 ,,
2011,2011,5,12,19,0.343521,1,,0 ,,
2011,2011,5,13,15,0.132656,1,,0 ,,
2011,2011,5,13,20,0.388016,2,,0 ,,
2011,2011,5,14,22,0.111495,1,,0 ,,
2011,2011,5,15,8,0.259417,1,,0 ,,
2011,2011,5,16,12,0.157186,1,,0 ,,
2011,2011,5,17,8,0.0742421,1,,0 ,,
2011,2011,5,17,23,0.530867,3,,0 ,,
2011,2011,5,19,16,0.297706,1,,0 ,,
2011,2011,5,20,15,0.2877845,2,风扇掉下来 掉下来 掉下来 掉下来 掉下来 掉下来 掉下来 掉下来 掉下来 掉下来 ,1 ,"The ceiling fan's falling, falling, falling, falling, falling, falling, falling, falling, falling, falling",1
2011,2011,5,21,15,0.455978,2,,0 ,,
2011,2011,5,21,23,0.415288,1,,0 ,,
2011,2011,5,22,6,0.311108,1,,0 ,,
2011,2011,5,22,11,0.212479,2,,0 ,,
2011,2011,5,22,12,0.495721,1,,0 ,,
2011,2011,5,22,13,0.403019,1,,0 ,,
2011,2011,5,22,22,0.547525,1,,0 ,,
2011,2011,5,22,23,0.6027335,2,,0 ,,
2011,2011,5,23,13,0.830485,1,,0 ,,
2011,2011,5,23,15,0.658954,1,,0 ,,
2011,2011,5,24,20,0.391866,1,,0 ,,
2011,2011,5,25,22,0.0285328,1,,0 ,,
2011,2011,5,25,23,0.394336,1,,0 ,,
2011,2011,5,26,8,0.590213,1,,0 ,,
2011,2011,5,26,9,0.242767,1,,0 ,,
2011,2011,5,26,23,0.27894,1,,0 ,,
2011,2011,5,27,12,0.514362667,3,,0 ,,
2011,2011,5,27,18,0.500529,2,,0 ,,
2011,2011,5,27,21,0.0534346,1,,0 ,,
2011,2011,5,28,2,0.162486,1,,0 ,,
2011,2011,5,28,11,0.672284,2,,0 ,,
2011,2011,5,28,19,0.356362,1,刚才我听到楼下谁吐痰的声音，跟我妈很像，甚想念,1 ,The sound of someone spitting downstairs was just like my mom. Miss her so much.,1
2011,2011,5,28,20,0.491229,1,,0 ,,
2011,2011,5,28,23,0.451410333,3,,0 ,,
2011,2011,5,29,10,0.321124,1,,0 ,,
2011,2011,5,29,14,0.304433333,3,,0 ,,
2011,2011,5,29,16,0.86728,1,,0 ,,
2011,2011,5,29,19,0.493133,2,,0 ,,
2011,2011,5,29,21,0.526279,1,,0 ,,
2011,2011,5,29,22,0.688248,2,,0 ,,
2011,2011,5,29,23,0.4150366,5,,0 ,,
2011,2011,5,30,10,0.4360085,2,,0 ,,
2011,2011,5,30,16,0.25843895,2,,0 ,,
2011,2011,5,30,22,0.844352,1,,0 ,,
2011,2011,5,31,8,0.408477,1,,0 ,,
2011,2011,5,31,15,0.496950333,3,,0 ,,
2011,2011,5,31,21,0.319498467,3,,0 ,,
2011,2011,5,31,22,0.68049,1,,0 ,,
2011,2011,5,31,23,0.470023667,3,,0 ,,
2011,2011,6,1,8,0.198338,1,,0 ,,
2011,2011,6,1,19,0.676089,1,,0 ,,
2011,2011,6,1,22,0.4526774,2,,0 ,,
2011,2011,6,1,23,0.344668,2,,0 ,,
2011,2011,6,2,9,0.4091365,2,,0 ,,
2011,2011,6,2,16,0.189082,1,,0 ,,
2011,2011,6,2,20,0.176081,1,,0 ,,
2011,2011,6,2,21,0.5575125,2,,0 ,,
2011,2011,6,2,22,0.318196,1,,0 ,,
2011,2011,6,2,23,0.128139,1,,0 ,,
2011,2011,6,3,12,0.572147,1,,0 ,,
2011,2011,6,3,13,0.343294,1,,0 ,,
2011,2011,6,3,16,0.438850333,3,,0 ,,
2011,2011,6,3,20,0.528595,2,,0 ,,
2011,2011,6,3,22,0.668823,3,,0 ,,
2011,2011,6,4,5,0.5910235,2,,0 ,,
2011,2011,6,4,7,0.44359,2,,0 ,,
2011,2011,6,4,11,0.535695,1,,0 ,,
2011,2011,6,4,18,0.0533489,1,,0 ,,
2011,2011,6,4,19,0.1668175,2,我是一个屁，只可惜我放不了自己,1 ,,
2011,2011,6,4,21,0.0310398,1,,0 ,,
2011,2011,6,5,21,0.0641876,1,,0 ,,
2011,2011,6,5,22,0.579713,1,,0 ,,
2011,2011,6,6,11,0.0693449,1,,0 ,,
2011,2011,6,6,13,0.101843145,2,,0 ,,
2011,2011,6,6,14,0.132593,1,,0 ,,
2011,2011,6,6,21,0.622852,1,,0 ,,
2011,2011,6,7,7,0.521754,1,,0 ,,
2011,2011,6,7,10,0.566508,1,,0 ,,
2011,2011,6,7,21,0.530944,1,,0 ,,
2011,2011,6,7,23,0.530489,2,,0 ,,
2011,2011,6,8,0,0.7062695,2,,0 ,,
2011,2011,6,8,9,0.3254817,3,,0 ,,
2011,2011,6,8,11,0.604612,1,,0 ,,
2011,2011,6,8,12,0.152922,1,,0 ,,
2011,2011,6,8,22,0.75824,1,,0 ,,
2011,2011,6,8,23,0.58884,1,,0 ,,
2011,2011,6,9,0,0.627314,1,,0 ,,
2011,2011,6,9,8,0.681458,2,,0 ,,
2011,2011,6,9,9,0.213433,2,,0 ,,
2011,2011,6,9,13,0.669945,1,,0 ,,
2011,2011,6,9,17,0.77444,2,,0 ,,
2011,2011,6,9,18,0.0489543,1,,0 ,,
2011,2011,6,9,20,0.457545,1,,0 ,,
2011,2011,6,9,22,0.274011,1,,0 ,,
2011,2011,6,10,6,0.2888385,2,,0 ,,
2011,2011,6,10,12,0.868111,1,,0 ,,
2011,2011,6,10,14,0.603101,2,,0 ,,
2011,2011,6,10,21,0.10370785,2,,0 ,,
2011,2011,6,10,22,0.428238333,3,,0 ,,
2011,2011,6,10,23,0.554397,2,,0 ,,
2011,2011,6,11,0,0.463418,4,,0 ,,
2011,2011,6,11,8,0.664687,1,,0 ,,
2011,2011,6,11,23,0.448124425,4,,0 ,,
2011,2011,6,12,5,0.158399,1,,0 ,,
2011,2011,6,12,6,0.2904404,3,,0 ,,
2011,2011,6,13,21,0.461285,1,,0 ,,
2011,2011,6,13,23,0.2636305,2,,0 ,,
2011,2011,6,14,8,0.598062,1,,0 ,,
2011,2011,6,14,16,0.414414,1,,0 ,,
2011,2011,6,14,20,0.0653547,1,,0 ,,
2011,2011,6,14,23,0.687654,3,,0 ,,
2011,2011,6,15,2,0.193741,1,,0 ,,
2011,2011,6,15,3,0.203984,1,,0 ,,
2011,2011,6,15,10,0.4939639,2,,0 ,,
2011,2011,6,15,11,0.208479,1,,0 ,,
2011,2011,6,15,16,0.45,1,小学时我妈的要求是：90分以上。初中时我妈的要求是：70分以上。高中时我妈的要求是：及格就好。现在我妈的要求是：活着。提出这些要求对一些母亲很难，但我妈做到了，我妈真得很棒！,1 ,,
2011,2011,6,15,17,0.60749,2,,0 ,,
2011,2011,6,15,18,0.375997,1,,0 ,,
2011,2011,6,15,23,0.0923925,1,,0 ,,
2011,2011,6,16,0,0.707556,1,,0 ,,
2011,2011,6,16,3,0.293682,2,,0 ,,
2011,2011,6,16,13,0.683789,2,,0 ,,
2011,2011,6,16,15,0.3171919,2,,0 ,,
2011,2011,6,16,16,0.328045,1,,0 ,,
2011,2011,6,16,20,0.349144,1,,0 ,,
2011,2011,6,16,22,0.558915667,3,,0 ,,
2011,2011,6,16,23,0.208928,2,,0 ,,
2011,2011,6,17,8,0.44,1,,0 ,,
2011,2011,6,17,12,0.531853,1,,0 ,,
2011,2011,6,17,15,0.126817,2,,0 ,,
2011,2011,6,17,19,0.548079,1,,0 ,,
2011,2011,6,17,21,0.535972,1,,0 ,,
2011,2011,6,18,0,0.6016055,4,,0 ,,
2011,2011,6,18,4,0.3124875,2,,0 ,,
2011,2011,6,18,12,0.288458667,3,,0 ,,
2011,2011,6,18,22,0.361824,1,,0 ,,
2011,2011,6,18,23,0.725084,1,,0 ,,
2011,2011,6,19,6,0.6404625,2,,0 ,,
2011,2011,6,19,11,0.399029,2,,0 ,,
2011,2011,6,19,12,0.506087,2,,0 ,,
2011,2011,6,19,14,0.535191,1,,0 ,,
2011,2011,6,19,23,0.463094,1,,0 ,,
2011,2011,6,20,13,0.302579,1,,0 ,,
2011,2011,6,20,15,0.728526,2,,0 ,,
2011,2011,6,20,16,0.353068475,4,,0 ,,
2011,2011,6,20,21,0.29269305,2,,0 ,,
2011,2011,6,20,22,0.32301045,4,,0 ,,
2011,2011,6,20,23,0.366755,2,,0 ,,
2011,2011,6,21,0,0.0962798,1,,0 ,,
2011,2011,6,21,10,0.85446,1,,0 ,,
2011,2011,6,21,11,0.0869875,1,,0 ,,
2011,2011,6,21,15,0.376189125,4,,0 ,,
2011,2011,6,21,16,0.366396485,2,,0 ,,
2011,2011,6,21,17,0.63,1,,0 ,,
2011,2011,6,21,18,0.661911,1,,0 ,,
2011,2011,6,21,22,0.387400167,3,,0 ,,
2011,2011,6,21,23,0.4026978,3,最无用和最常用的一句祈使句是：加油！ 所以我有时会换成干巴爹,1 ,,
2011,2011,6,22,7,0.3414885,4,,0 ,,
2011,2011,6,22,10,0.3066475,2,,0 ,,
2011,2011,6,22,11,0.446206,1,,0 ,,
2011,2011,6,22,12,0.609936,1,,0 ,,
2011,2011,6,22,14,0.234068,1,,0 ,,
2011,2011,6,22,16,0.428387,1,,0 ,,
2011,2011,6,22,17,0.783544,1,,0 ,,
2011,2011,6,22,18,0.689794,1,,0 ,,
2011,2011,6,22,19,0.652178,1,,0 ,,
2011,2011,6,22,20,0.44,1,,0 ,,
2011,2011,6,22,21,0.301221667,3,,0 ,,
2011,2011,6,22,23,0.318744333,3,,0 ,,
2011,2011,6,23,11,0.603806,2,,0 ,,
2011,2011,6,23,13,0.427309,2,,0 ,,
2011,2011,6,23,15,0.3515145,2,,0 ,,
2011,2011,6,23,16,0.41679,2,,0 ,,
2011,2011,6,23,18,0.5529155,2,,0 ,,
2011,2011,6,23,20,0.367614333,3,,0 ,,
2011,2011,6,23,22,0.577226,2,,0 ,,
2011,2011,6,24,0,0.50588225,4,,0 ,,
2011,2011,6,24,1,0.419979167,6,,0 ,,
2011,2011,6,24,10,0.844647,1,,0 ,,
2011,2011,6,24,19,0.40273,1,,0 ,,
2011,2011,6,24,20,0.161347,1,,0 ,,
2011,2011,6,24,21,0.193001048,5,,0 ,,
2011,2011,6,24,22,0.07364605,2,,0 ,,
2011,2011,6,24,23,0.777655,1,,0 ,,
2011,2011,6,25,10,0.338641,3,,0 ,,
2011,2011,6,25,13,0.751718,1,,0 ,,
2011,2011,6,25,15,0.414754,1,,0 ,,
2011,2011,6,25,17,0.777747,1,,0 ,,
2011,2011,6,26,0,0.316092,2,,0 ,,
2011,2011,6,26,4,0.2619228,2,,0 ,,
2011,2011,6,26,7,0.792883,1,,0 ,,
2011,2011,6,26,11,0.437193,1,,0 ,,
2011,2011,6,26,12,0.1487493,2,,0 ,,
2011,2011,6,26,14,0.569735,1,,0 ,,
2011,2011,6,26,17,0.0895193,2,,0 ,,
2011,2011,6,26,19,0.360709,1,,0 ,,
2011,2011,6,26,21,0.0803408,1,,0 ,,
2011,2011,6,26,23,0.572467,3,,0 ,,
2011,2011,6,27,0,0.356382,1,我有多讨厌吃饭，我就有多想你。厌食症患者说。 ,1 ,"I miss you as much as I hate eating, said someone with anorexia.",1
2011,2011,6,27,8,0.312418,1,,0 ,,
2011,2011,6,27,12,0.426633,2,,0 ,,
2011,2011,6,27,15,0.206097667,3,,0 ,,
2011,2011,6,27,16,0.5300535,2,,0 ,,
2011,2011,6,27,17,0.524027067,3,,0 ,,
2011,2011,6,27,18,0.682734,1,,0 ,,
2011,2011,6,27,22,0.629631,1,,0 ,,
2011,2011,6,27,23,0.406512333,3,,0 ,,
2011,2011,6,28,0,0.217972,1,,0 ,,
2011,2011,6,28,3,0.581704,1,,0 ,,
2011,2011,6,28,4,0.961661,1,,0 ,,
2011,2011,6,28,9,0.625825,1,,0 ,,
2011,2011,6,28,14,0.138248,1,,0 ,,
2011,2011,6,28,16,0.447497367,3,,0 ,,
2011,2011,6,28,18,0.456296067,3,,0 ,,
2011,2011,6,28,23,0.552776,2,,0 ,,
2011,2011,6,29,0,0.406675,3,,0 ,,
2011,2011,6,29,11,0.0831049,1,,0 ,,
2011,2011,6,29,12,0.269791,1,,0 ,,
2011,2011,6,29,14,0.0346673,1,,0 ,,
2011,2011,6,29,15,0.5834105,2,,0 ,,
2011,2011,6,29,20,0.21356,2,,0 ,,
2011,2011,6,29,21,0.083321,1,,0 ,,
2011,2011,6,30,11,0.0273648,1,,0 ,,
2011,2011,6,30,20,0.398706,3,在你的记忆中哪一天最恐怖一想到就痛苦不堪？   #明天# ,1 ,Which day in your memories is too horrible to think about? #tomorrow#,1
2011,2011,6,30,22,0.435631667,3,,0 ,,
2011,2011,6,30,23,0.769343,1,,0 ,,
2011,2011,7,1,12,0.269037967,3,,0 ,,
2011,2011,7,1,17,0.429229,1,,0 ,,
2011,2011,7,1,19,0.364255,1,,0 ,,
2011,2011,7,1,20,0.453821,1,,0 ,,
2011,2011,7,2,1,0.673699,1,,0 ,,
2011,2011,7,2,5,0.431293,1,,0 ,,
2011,2011,7,2,10,0.558991,3,,0 ,,
2011,2011,7,2,12,0.385276,1,,0 ,,
2011,2011,7,2,13,0.744511,1,,0 ,,
2011,2011,7,2,16,0.47,1,,0 ,,
2011,2011,7,2,17,0.488989,4,,0 ,,
2011,2011,7,3,0,0.11395,1,,0 ,,
2011,2011,7,3,1,0.724735,1,,0 ,,
2011,2011,7,3,9,0.234341,1,,0 ,,
2011,2011,7,3,11,0.0474895,1,,0 ,,
2011,2011,7,3,15,0.095636767,3,,0 ,,
2011,2011,7,3,17,0.160894,1,,0 ,,
2011,2011,7,3,20,0.440427,1,,0 ,,
2011,2011,7,3,22,0.2909,1,,0 ,,
2011,2011,7,3,23,0.488613,1,,0 ,,
2011,2011,7,4,0,0.32036,1,,0 ,,
2011,2011,7,4,1,0.967231,1,,0 ,,
2011,2011,7,4,15,0.108288,1,,0 ,,
2011,2011,7,4,19,0.500171,1,,0 ,,
2011,2011,7,4,22,0.528140667,3,,0 ,,
2011,2011,7,4,23,0.2291345,2,,0 ,,
2011,2011,7,5,2,0.0550356,1,,0 ,,
2011,2011,7,5,14,0.152855,1,,0 ,,
2011,2011,7,5,15,0.789531,1,,0 ,,
2011,2011,7,5,17,0.4937832,5,,0 ,,
2011,2011,7,5,18,0.115695,1,我不知道我为什么得这个病我不知道能不能不要再问我 ,1 ,I don't know why I have this disease. I really don't know. Please stop asking me.,1
2011,2011,7,5,20,0.514661,1,,0 ,,
2011,2011,7,6,1,0.1978939,4,,0 ,,
2011,2011,7,6,11,0.530316,1,,0 ,,
2011,2011,7,6,15,0.1349029,3,,0 ,,
2011,2011,7,6,20,0.54,1,,0 ,,
2011,2011,7,6,22,0.0159564,1,,0 ,,
2011,2011,7,6,23,0.6785855,2,,0 ,,
2011,2011,7,7,0,0.578503,1,,0 ,,
2011,2011,7,7,1,0.465562333,3,,0 ,,
2011,2011,7,7,11,0.370859,1,,0 ,,
2011,2011,7,7,18,0.149944,1,,0 ,,
2011,2011,7,7,22,0.0959537,1,,0 ,,
2011,2011,7,8,0,0.414958,3,,0 ,,
2011,2011,7,8,1,0.6878255,2,,0 ,,
2011,2011,7,8,9,0.0567763,1,,0 ,,
2011,2011,7,8,14,0.857959,1,,0 ,,
2011,2011,7,8,17,0.2187255,2,,0 ,,
2011,2011,7,8,19,0.654855667,3,,0 ,,
2011,2011,7,8,21,0.4338465,2,,0 ,,
2011,2011,7,9,0,0.402542,2,讨那么多人的欢喜也不如讨自己欢喜来得重要,1 ,Making so many people happy is still not as important as making yourself happy.,1
2011,2011,7,9,2,0.0373596,1,,0 ,,
2011,2011,7,9,8,0.546841,3,,0 ,,
2011,2011,7,9,10,0.50167,1,,0 ,,
2011,2011,7,9,12,0.26407,1,,0 ,,
2011,2011,7,9,21,0.579398,1,,0 ,,
2011,2011,7,9,23,0.4226505,2,,0 ,,
2011,2011,7,10,0,0.0788977,1,,0 ,,
2011,2011,7,10,11,0.439283,2,,0 ,,
2011,2011,7,10,15,0.0396979,1,,0 ,,
2011,2011,7,10,16,0.3382427,2,,0 ,,
2011,2011,7,10,19,0.783154,1,,0 ,,
2011,2011,7,11,8,0.103893,1,,0 ,,
2011,2011,7,11,11,0.847938,1,,0 ,,
2011,2011,7,11,20,0.793538,1,,0 ,,
2011,2011,7,11,22,0.437942,1,,0 ,,
2011,2011,7,11,23,0.938806,1,感谢这个世界让你我都不同，这样我难过的时候还可以看到你的快乐,1 ,"Grateful the world makes us different. This way, even when I experience sadness, I can still see your happiness.",1
2011,2011,7,12,0,0.302586933,3,,0 ,,
2011,2011,7,12,1,0.56248,1,,0 ,,
2011,2011,7,12,2,0.268011,1,,0 ,,
2011,2011,7,12,10,0.709459,1,,0 ,,
2011,2011,7,12,22,0.976367,1,,0 ,,
2011,2011,7,12,23,0.667308333,3,,0 ,,
2011,2011,7,13,0,0.593397,1,,0 ,,
2011,2011,7,13,1,0.456904,4,,0 ,,
2011,2011,7,13,2,0.122984,1,,0 ,,
2011,2011,7,13,16,0.340501,1,,0 ,,
2011,2011,7,13,20,0.590333,1,,0 ,,
2011,2011,7,14,0,0.727862,1,,0 ,,
2011,2011,7,14,1,0.597664,1,,0 ,,
2011,2011,7,14,2,0.561135,4,,0 ,,
2011,2011,7,14,7,0.191708,1,,0 ,,
2011,2011,7,14,18,0.355643333,3,,0 ,,
2011,2011,7,14,21,0.24978,1,,0 ,,
2011,2011,7,14,23,0.520767,2,,0 ,,
2011,2011,7,15,3,0.272377,1,,0 ,,
2011,2011,7,15,10,0.854423,1,,0 ,,
2011,2011,7,15,17,0.611243,1,,0 ,,
2011,2011,7,15,23,0.562479,1,,0 ,,
2011,2011,7,16,0,0.529465333,3,,0 ,,
2011,2011,7,16,1,0.331620383,6,特别希望我妈抛弃我，因为我舍不得抛弃她,1 ,"I wish my mom would give up on me, because I couldn't bear leaving her behind.",1
2011,2011,7,16,2,0.398086,1,,0 ,,
2011,2011,7,16,8,0.563246,1,,0 ,,
2011,2011,7,16,9,0.112251,1,,0 ,,
2011,2011,7,16,14,0.681869,2,,0 ,,
2011,2011,7,16,17,0.0346593,1,,0 ,,
2011,2011,7,16,22,0.217759,1,,0 ,,
2011,2011,7,16,23,0.330684,2,,0 ,,
2011,2011,7,17,1,0.351727,1,,0 ,,
2011,2011,7,17,2,0.222672,2,,0 ,,
2011,2011,7,17,13,0.20127365,2,,0 ,,
2011,2011,7,17,17,0.2696835,2,,0 ,,
2011,2011,7,17,21,0.26478,1,,0 ,,
2011,2011,7,18,0,0.51726375,4,,0 ,,
2011,2011,7,18,2,0.619432,1,,0 ,,
2011,2011,7,18,3,0.956837,1,,0 ,,
2011,2011,7,18,9,0.353889,1,,0 ,,
2011,2011,7,18,13,0.135439,1,,0 ,,
2011,2011,7,18,15,0.224117,1,,0 ,,
2011,2011,7,18,17,0.765225,1,围脖满足了人们的被偷窥欲,1 ,Weibo satisfies people's desire to be creeped on.,1
2011,2011,7,18,19,0.341499,1,,0 ,,
2011,2011,7,18,20,0.154657,1,,0 ,,
2011,2011,7,19,0,0.126641,1,,0 ,,
2011,2011,7,19,1,0.103355,1,,0 ,,
2011,2011,7,19,2,0.7992015,2,,0 ,,
2011,2011,7,19,3,0.445710667,3,,0 ,,
2011,2011,7,19,14,0.504342,1,,0 ,,
2011,2011,7,19,15,0.434447667,3,,0 ,,
2011,2011,7,19,21,0.0907956,1,,0 ,,
2011,2011,7,20,1,0.495345,1,,0 ,,
2011,2011,7,20,2,0.7362375,2,,0 ,,
2011,2011,7,20,18,0.342376,3,,0 ,,
2011,2011,7,20,22,0.735999,1,,0 ,,
2011,2011,7,20,23,0.704405333,3,,0 ,,
2011,2011,7,21,0,0.15055214,5,,0 ,,
2011,2011,7,21,1,0.589013667,3,,0 ,,
2011,2011,7,21,19,0.616333,2,,0 ,,
2011,2011,7,21,22,0.451423775,4,,0 ,,
2011,2011,7,22,2,0.610801,1,,0 ,,
2011,2011,7,22,15,0.524404,1,,0 ,,
2011,2011,7,23,0,0.168338,1,,0 ,,
2011,2011,7,23,11,0.713264,1,,0 ,,
2011,2011,7,23,12,0.272438,1,,0 ,,
2011,2011,7,23,13,0.794045,1,,0 ,,
2011,2011,7,23,16,0.280601,1,,0 ,,
2011,2011,7,24,0,0.362094,3,,0 ,,
2011,2011,7,24,1,0.4156325,2,,0 ,,
2011,2011,7,24,2,0.539024,1,,0 ,,
2011,2011,7,24,8,0.739196,1,,0 ,,
2011,2011,7,25,2,0.468396,1,,0 ,,
2011,2011,7,25,15,0.571036,1,有的事一个人做起来全身无力，孤苦无依，心生凄凉，仿佛被全世界抛弃了，比如套被套。 ,1 ,,
2011,2011,7,25,20,0.1608758,2,,0 ,,
2011,2011,7,25,22,0.241622,1,,0 ,,
2011,2011,7,26,0,0.455561,2,,0 ,,
2011,2011,7,26,10,0.146646,1,,0 ,,
2011,2011,7,26,17,0.23319,1,,0 ,,
2011,2011,7,26,18,0.3978015,2,,0 ,,
2011,2011,7,26,20,0.485169,1,,0 ,,
2011,2011,7,27,2,0.522571,2,,0 ,,
2011,2011,7,27,9,0.6844805,2,,0 ,,
2011,2011,7,28,1,0.143484,1,,0 ,,
2011,2011,7,28,10,0.244237,2,,0 ,,
2011,2011,7,28,15,0.451976,1,,0 ,,
2011,2011,7,28,19,0.696089,1,,0 ,,
2011,2011,7,28,20,0.748669,1,,0 ,,
2011,2011,7,29,1,0.464134,2,,0 ,,
2011,2011,7,29,4,0.362567,1,,0 ,,
2011,2011,7,29,10,0.662758,1,,0 ,,
2011,2011,7,29,21,0.466408,1,,0 ,,
2011,2011,7,30,0,0.466885,1,,0 ,,
2011,2011,7,30,1,0.412041,3,,0 ,,
2011,2011,7,30,12,0.44392865,2,,0 ,,
2011,2011,7,30,22,0.198983,1,,0 ,,
2011,2011,7,30,23,0.640573,1,,0 ,,
2011,2011,7,31,0,0.5486915,2,,0 ,,
2011,2011,7,31,6,0.349145,1,,0 ,,
2011,2011,7,31,8,0.261974,1,,0 ,,
2011,2011,7,31,9,0.440338,1,,0 ,,
2011,2011,7,31,11,0.157384,1,,0 ,,
2011,2011,7,31,12,0.0328854,1,,0 ,,
2011,2011,7,31,20,0.0509333,1,蝴蝶结很伤心，因为她有翅膀却不会飞。 ,1 ,"Bowties are very sad, because they have wings but can't fly.",1
2011,2011,7,31,22,0.06330335,2,,0 ,,
2011,2011,7,31,23,0.53438,1,,0 ,,
2011,2011,8,1,0,0.59968,1,,0 ,,
2011,2011,8,1,1,0.0314867,1,,0 ,,
2011,2011,8,1,18,0.268885,1,,0 ,,
2011,2011,8,1,22,0.724559,1,,0 ,,
2011,2011,8,2,0,0.175436,1,,0 ,,
2011,2011,8,2,1,0.44743,2,,0 ,,
2011,2011,8,2,3,0.795585,1,,0 ,,
2011,2011,8,2,19,0.01396264,2,,0 ,,
2011,2011,8,2,20,0.366893,3,,0 ,,
2011,2011,8,2,22,0.326836,1,,0 ,,
2011,2011,8,2,23,0.608209,2,,0 ,,
2011,2011,8,3,23,0.590959,1,,0 ,,
2011,2011,8,4,0,0.5457475,4,,0 ,,
2011,2011,8,4,12,0.5107,1,,0 ,,
2011,2011,8,4,13,0.293345,1,,0 ,,
2011,2011,8,4,22,0.620434,1,,0 ,,
2011,2011,8,4,23,0.37770622,5,,0 ,,
2011,2011,8,5,0,0.123883,1,,0 ,,
2011,2011,8,5,9,0.489732,1,,0 ,,
2011,2011,8,5,19,0.0357846,1,,0 ,,
2011,2011,8,5,21,0.415312,1,,0 ,,
2011,2011,8,6,3,0.8158755,2,,0 ,,
2011,2011,8,6,8,0.774024,1,,0 ,,
2011,2011,8,6,9,0.488582,1,,0 ,,
2011,2011,8,6,23,0.162559,1,,0 ,,
2011,2011,8,7,0,0.30237,1,,0 ,,
2011,2011,8,7,1,0.473813,3,台风，台风，请赐我一场绿野仙踪,1 ,,
2011,2011,8,7,23,0.41301,2,,0 ,,
2011,2011,8,8,0,0.1776325,2,,0 ,,
2011,2011,8,8,2,0.869799,1,,0 ,,
2011,2011,8,8,11,0.262806,5,,0 ,,
2011,2011,8,9,0,0.200102,1,,0 ,,
2011,2011,8,9,3,0.491068333,3,,0 ,,
2011,2011,8,9,11,0.759764333,3,,0 ,,
2011,2011,8,9,17,0.613007,1,,0 ,,
2011,2011,8,9,18,0.384437,1,,0 ,,
2011,2011,8,9,19,0.38315,2,,0 ,,
2011,2011,8,10,1,0.4715765,2,,0 ,,
2011,2011,8,10,2,0.04682715,2,,0 ,,
2011,2011,8,10,21,0.670311,1,,0 ,,
2011,2011,8,10,23,0.34914,1,,0 ,,
2011,2011,8,11,1,0.294878,2,,0 ,,
2011,2011,8,11,2,0.71527,1,,0 ,,
2011,2011,8,11,9,0.532524667,3,,0 ,,
2011,2011,8,11,16,0.186389,1,,0 ,,
2011,2011,8,11,20,0.782056,1,,0 ,,
2011,2011,8,12,0,0.533047,3,,0 ,,
2011,2011,8,12,3,0.409007,1,,0 ,,
2011,2011,8,12,17,0.127521,1,,0 ,,
2011,2011,8,12,23,0.5202035,2,,0 ,,
2011,2011,8,13,0,0.582574,1,,0 ,,
2011,2011,8,13,1,0.353099,1,,0 ,,
2011,2011,8,13,3,0.531357667,3,,0 ,,
2011,2011,8,13,13,0.851684,1,,0 ,,
2011,2011,8,13,16,0.125273,1,,0 ,,
2011,2011,8,14,0,0.365677333,3,,0 ,,
2011,2011,8,14,1,0.46200365,2,做梦梦见我的爸爸给我讲数学题，爸爸真好。做梦真开心。 ,1 ,Dreamt that my dad was teaching me math. He was so nice. The dream made me happy.,1
2011,2011,8,14,12,0.0272457,1,,0 ,,
2011,2011,8,14,19,0.5507965,2,,0 ,,
2011,2011,8,14,21,0.113062,1,,0 ,,
2011,2011,8,14,22,0.475724,2,,0 ,,
2011,2011,8,14,23,0.624266,1,,0 ,,
2011,2011,8,15,3,0.599114,1,,0 ,,
2011,2011,8,15,15,0.498135,1,,0 ,,
2011,2011,8,15,22,0.589195,1,,0 ,,
2011,2011,8,15,23,0.33922,1,,0 ,,
2011,2011,8,16,0,0.656364,1,,0 ,,
2011,2011,8,16,1,0.895794,1,,0 ,,
2011,2011,8,16,9,0.113577,1,,0 ,,
2011,2011,8,16,12,0.479594,1,,0 ,,
2011,2011,8,16,15,0.1431854,2,,0 ,,
2011,2011,8,16,19,0.6368525,2,,0 ,,
2011,2011,8,16,20,0.682299,1,,0 ,,
2011,2011,8,16,21,0.528114,1,,0 ,,
2011,2011,8,17,0,0.619371,1,,0 ,,
2011,2011,8,17,1,0.64233,1,,0 ,,
2011,2011,8,17,2,0.494374333,3,,0 ,,
2011,2011,8,17,3,0.387349,1,,0 ,,
2011,2011,8,17,13,0.422851,1,,0 ,,
2011,2011,8,17,20,0.15081,1,,0 ,,
2011,2011,8,17,21,0.29037,1,,0 ,,
2011,2011,8,18,4,0.721677,1,困倦才下眉头，饥饿又上心头。药丸从未阻止成功过我半夜刷屏，包括你，failed too. ,1 ,,
2011,2011,8,18,11,0.938891,1,,0 ,,
2011,2011,8,18,15,0.2706082,4,,0 ,,
2011,2011,8,18,16,0.7185905,2,,0 ,,
2011,2011,8,18,20,0.356414,1,,0 ,,
2011,2011,8,19,21,0.619091,1,,0 ,,
2011,2011,8,20,2,0.39453322,5,,0 ,,
2011,2011,8,20,10,0.866775,1,,0 ,,
2011,2011,8,20,11,0.4207445,2,,0 ,,
2011,2011,8,20,18,0.387815,1,,0 ,,
2011,2011,8,20,23,0.3026415,4,,0 ,,
2011,2011,8,21,0,0.378746,1,,0 ,,
2011,2011,8,21,1,0.680054,1,,0 ,,
2011,2011,8,21,9,0.266086,1,,0 ,,
2011,2011,8,21,13,0.476452,1,,0 ,,
2011,2011,8,21,21,0.406193,1,,0 ,,
2011,2011,8,22,3,0.447981,1,,0 ,,
2011,2011,8,22,12,0.19755182,2,,0 ,,
2011,2011,8,22,20,0.72,1,,0 ,,
2011,2011,8,23,23,0.183462,2,,0 ,,
2011,2011,8,24,0,0.570875,1,,0 ,,
2011,2011,8,24,1,0.538159,2,,0 ,,
2011,2011,8,24,2,0.536656333,3,,0 ,,
2011,2011,8,24,11,0.483522,1,,0 ,,
2011,2011,8,24,12,0.70179,1,,0 ,,
2011,2011,8,24,21,0.750529,1,,0 ,,
2011,2011,8,25,2,0.3827419,4,,0 ,,
2011,2011,8,25,10,0.764063,1,,0 ,,
2011,2011,8,25,14,0.3591626,2,,0 ,,
2011,2011,8,25,18,0.494954,2,,0 ,,
2011,2011,8,25,23,0.00791691,1,我不能忍受我没有购物欲就好像我不能忍受我没有食欲一样，这两样使我的世界都崩塌了！ ,1 ,"I can't stand having no appetite, and I can't stand not having any desire to shop. Together, they've made my world collapse!",1
2011,2011,8,26,22,0.552443,2,,0 ,,
2011,2011,8,26,23,0.5117005,2,,0 ,,
2011,2011,8,27,1,0.2652908,2,,0 ,,
2011,2011,8,27,15,0.347586,3,,0 ,,
2011,2011,8,28,0,0.4914116,5,,0 ,,
2011,2011,8,28,14,0.533196,1,,0 ,,
2011,2011,8,28,19,0.355669,1,,0 ,,
2011,2011,8,28,23,0.179231,1,,0 ,,
2011,2011,8,29,0,0.496683,1,,0 ,,
2011,2011,8,29,13,0.467273,1,,0 ,,
2011,2011,8,29,14,0.933475,1,,0 ,,
2011,2011,8,29,19,0.904444,1,,0 ,,
2011,2011,8,29,23,0.2799215,2,,0 ,,
2011,2011,8,30,0,0.035289,1,,0 ,,
2011,2011,8,30,10,0.56,1,,0 ,,
2011,2011,8,30,23,0.56812675,4,,0 ,,
2011,2011,8,31,23,0.203743433,3,,0 ,,
2011,2011,9,1,0,0.65755,1,,0 ,,
2011,2011,9,1,7,0.795845,1,,0 ,,
2011,2011,9,1,13,0.586276,1,,0 ,,
2011,2011,9,1,22,0.685059,2,,0 ,,
2011,2011,9,1,23,0.579801133,3,,0 ,,
2011,2011,9,2,0,0.0922818,1,,0 ,,
2011,2011,9,2,9,0.162102,1,,0 ,,
2011,2011,9,2,17,0.79722,1,,0 ,,
2011,2011,9,2,22,0.110924,1,,0 ,,
2011,2011,9,3,10,0.202415,1,,0 ,,
2011,2011,9,3,18,0.417911,2,,0 ,,
2011,2011,9,3,21,0.291066,1,,0 ,,
2011,2011,9,3,23,0.6967232,5,,0 ,,
2011,2011,9,4,9,0.739686,1,,0 ,,
2011,2011,9,4,10,0.06205,1,,0 ,,
2011,2011,9,4,12,0.530526,1,,0 ,,
2011,2011,9,4,18,0.941565,1,,0 ,,
2011,2011,9,4,20,0.35212955,2,,0 ,,
2011,2011,9,4,21,0.408153,1,把安眠药当成了失忆药,1 ,My sleeping pills have become amnesia pills.,1
2011,2011,9,4,22,0.417709,2,,0 ,,
2011,2011,9,4,23,0.235002,1,,0 ,,
2011,2011,9,5,8,0.04324,1,,0 ,,
2011,2011,9,5,20,0.342582,2,,0 ,,
2011,2011,9,5,23,0.887476,1,,0 ,,
2011,2011,9,6,9,0.288564,1,,0 ,,
2011,2011,9,6,16,0.425991667,3,,0 ,,
2011,2011,9,6,21,0.450952,1,,0 ,,
2011,2011,9,6,23,0.65972,2,,0 ,,
2011,2011,9,7,0,0.458707,1,,0 ,,
2011,2011,9,7,10,0.0424425,1,,0 ,,
2011,2011,9,7,13,0.30587,1,,0 ,,
2011,2011,9,7,22,0.41,2,,0 ,,
2011,2011,9,7,23,0.513708,3,,0 ,,
2011,2011,9,8,0,0.668191,2,,0 ,,
2011,2011,9,8,7,0.743197,2,,0 ,,
2011,2011,9,8,16,0.160185,1,,0 ,,
2011,2011,9,8,23,0.4479265,6,,0 ,,
2011,2011,9,9,0,0.727160667,3,,0 ,,
2011,2011,9,9,5,0.903028,1,,0 ,,
2011,2011,9,9,9,0.883811,1,,0 ,,
2011,2011,9,9,15,0.456652825,4,,0 ,,
2011,2011,9,9,18,0.24901,2,,0 ,,
2011,2011,9,9,20,0.0675214,1,,0 ,,
2011,2011,9,9,21,0.412492,1,每天对话少于十句，十天下来就陌生了。伤心,1 ,,
2011,2011,9,9,22,0.3182241,3,,0 ,,
2011,2011,9,9,23,0.370931,1,,0 ,,
2011,2011,9,10,16,0.594698,1,,0 ,,
2011,2011,9,10,22,0.576195,2,,0 ,,
2011,2011,9,10,23,0.258003,1,,0 ,,
2011,2011,9,11,17,0.47,1,,0 ,,
2011,2011,9,11,18,0.54,1,,0 ,,
2011,2011,9,11,22,0.815528,1,,0 ,,
2011,2011,9,11,23,0.531901,1,,0 ,,
2011,2011,9,12,0,0.2417565,2,,0 ,,
2011,2011,9,12,20,0.966212,1,,0 ,,
2011,2011,9,12,21,0.331080233,3,,0 ,,
2011,2011,9,12,22,0.27625255,2,,0 ,,
2011,2011,9,13,0,0.473769,4,,0 ,,
2011,2011,9,13,9,0.41461,1,,0 ,,
2011,2011,9,13,16,0.7674525,2,,0 ,,
2011,2011,9,13,23,0.392773,1,,0 ,,
2011,2011,9,14,0,0.219502,1,,0 ,,
2011,2011,9,14,7,0.4535185,2,阳光明媚，心里阴郁。我不想去医院,1 ,The sun is bright. My heart is dim. I don't want to go to the hospital.,1
2011,2011,9,14,9,0.4773,1,,0 ,,
2011,2011,9,14,20,0.777506,1,,0 ,,
2011,2011,9,14,21,0.705756,1,,0 ,,
2011,2011,9,14,22,0.526069,1,,0 ,,
2011,2011,9,14,23,0.7400075,2,,0 ,,
2011,2011,9,15,9,0.577657,2,,0 ,,
2011,2011,9,15,23,0.43432775,4,,0 ,,
2011,2011,9,16,0,0.545891,1,,0 ,,
2011,2011,9,16,8,0.162131,1,,0 ,,
2011,2011,9,16,22,0.254315,2,,0 ,,
2011,2011,9,16,23,0.109915,1,,0 ,,
2011,2011,9,17,0,0.1764461,3,,0 ,,
2011,2011,9,17,10,0.394742,2,,0 ,,
2011,2011,9,17,11,0.626741,1,,0 ,,
2011,2011,9,17,13,0.32917,1,,0 ,,
2011,2011,9,17,14,0.398934,1,,0 ,,
2011,2011,9,17,20,0.263677,1,,0 ,,
2011,2011,9,17,22,0.4621595,2,,0 ,,
2011,2011,9,18,0,0.56756,1,,0 ,,
2011,2011,9,18,3,0.335838,1,,0 ,,
2011,2011,9,18,4,0.320538,1,,0 ,,
2011,2011,9,18,11,0.8556925,2,,0 ,,
2011,2011,9,18,23,0.0269698,1,,0 ,,
2011,2011,9,19,0,0.8003135,2,,0 ,,
2011,2011,9,19,23,0.584665333,3,,0 ,,
2011,2011,9,20,9,0.315865,1,,0 ,,
2011,2011,9,20,10,0.0425143,1,,0 ,,
2011,2011,9,20,11,0.402611,1,,0 ,,
2011,2011,9,20,14,0.10621,1,所谓的热爱就是不管你如何不理我，我还是不依不饶地理你,1 ,,
2011,2011,9,20,22,0.0551597,1,,0 ,,
2011,2011,9,21,0,0.28225475,2,,0 ,,
2011,2011,9,21,8,0.146429,1,,0 ,,
2011,2011,9,21,21,0.326236,1,,0 ,,
2011,2011,9,21,22,0.54020925,4,,0 ,,
2011,2011,9,22,11,0.804674,1,,0 ,,
2011,2011,9,22,19,0.459105,1,,0 ,,
2011,2011,9,22,22,0.84746,1,,0 ,,
2011,2011,9,22,23,0.365645483,6,,0 ,,
2011,2011,9,23,23,0.2602827,2,,0 ,,
2011,2011,9,24,13,0.05447195,2,,0 ,,
2011,2011,9,24,23,0.4720219,4,,0 ,,
2011,2011,9,25,0,0.443470333,3,,0 ,,
2011,2011,9,25,9,0.52,1,,0 ,,
2011,2011,9,25,18,0.731858,1,,0 ,,
2011,2011,9,25,23,0.2367419,3,期望高很可怕，不指望很难熬，左右为难,1 ,"High expectations are frightening, and no expectations are tough. What a dilemma.",1
2011,2011,9,26,0,0.519591667,3,,0 ,,
2011,2011,9,26,9,0.211807,1,,0 ,,
2011,2011,9,26,22,0.7576635,2,,0 ,,
2011,2011,9,26,23,0.478259,3,,0 ,,
2011,2011,9,27,0,0.09,1,,0 ,,
2011,2011,9,27,23,0.265819862,5,,0 ,,
2011,2011,9,28,9,0.133838,1,,0 ,,
2011,2011,9,28,16,0.4379,2,,0 ,,
2011,2011,9,28,21,0.260214,1,,0 ,,
2011,2011,9,28,23,0.0483415,1,,0 ,,
2011,2011,9,29,0,0.487035,5,,0 ,,
2011,2011,9,29,1,0.864059,2,,0 ,,
2011,2011,9,29,12,0.8806,1,,0 ,,
2011,2011,9,29,13,0.2307,1,,0 ,,
2011,2011,9,29,15,0.348236,1,,0 ,,
2011,2011,9,29,16,0.1230855,2,,0 ,,
2011,2011,9,29,18,0.0657187,1,,0 ,,
2011,2011,9,30,0,0.813527,1,,0 ,,
2011,2011,9,30,1,0.793704,1,,0 ,,
2011,2011,9,30,6,0.2894605,2,,0 ,,
2011,2011,9,30,7,0.105172,1,,0 ,,
2011,2011,9,30,8,0.453504667,3,,0 ,,
2011,2011,9,30,13,0.151279,1,,0 ,,
2011,2011,9,30,14,0.504879667,3,,0 ,,
2011,2011,9,30,15,0.397641,1,,0 ,,
2011,2011,9,30,23,0.5157725,2,,0 ,,
2011,2011,10,1,0,0.3164285,4,我觉得我还是喜欢温馨的东西，不要笑话我,1 ,"Don't laugh at me, but I think I still like heartwarming things.",1
2011,2011,10,1,2,0.0975259,1,,0 ,,
2011,2011,10,1,13,0.305426,2,,0 ,,
2011,2011,10,1,16,0.710944,1,,0 ,,
2011,2011,10,1,17,0.760061,1,,0 ,,
2011,2011,10,1,23,0.777095,1,,0 ,,
2011,2011,10,2,1,0.447469,1,,0 ,,
2011,2011,10,2,11,0.246193,1,,0 ,,
2011,2011,10,2,17,0.0254596,1,,0 ,,
2011,2011,10,2,20,0.365402,1,,0 ,,
2011,2011,10,3,5,0.06787525,2,,0 ,,
2011,2011,10,3,13,0.299042,1,,0 ,,
2011,2011,10,3,15,0.750271,1,,0 ,,
2011,2011,10,3,22,0.481329,1,,0 ,,
2011,2011,10,3,23,0.160614,2,,0 ,,
2011,2011,10,4,2,0.6327755,2,,0 ,,
2011,2011,10,4,20,0.78798,1,,0 ,,
2011,2011,10,4,21,0.327971,2,,0 ,,
2011,2011,10,4,22,0.420026,1,,0 ,,
2011,2011,10,5,3,0.3255275,2,,0 ,,
2011,2011,10,5,12,0.0328045,1,,0 ,,
2011,2011,10,5,18,0.795,2,,0 ,,
2011,2011,10,5,19,0.3979079,2,,0 ,,
2011,2011,10,5,20,0.581208,1,,0 ,,
2011,2011,10,6,1,0.4934705,2,,0 ,,
2011,2011,10,6,2,0.511957667,3,,0 ,,
2011,2011,10,6,12,0.900416,1,,0 ,,
2011,2011,10,6,21,0.756482333,3,,0 ,,
2011,2011,10,6,23,0.016572,1,,0 ,,
2011,2011,10,7,0,0.421929,2,,0 ,,
2011,2011,10,7,10,0.2366585,2,,0 ,,
2011,2011,10,7,12,0.602004,4,,0 ,,
2011,2011,10,7,23,0.549497,3,,0 ,,
2011,2011,10,8,0,0.3370526,4,,0 ,,
2011,2011,10,8,11,0.360452018,6,在小号说话甚至可以抛弃强迫症。改错字，审核语序。都不用,1 ,I can set aside my OCD in my sockpuppet account. No need to correct wrong spelling or word order.,1
2011,2011,10,8,19,0.97,1,,0 ,,
2011,2011,10,8,22,0.45994,1,,0 ,,
2011,2011,10,9,0,0.592882,2,,0 ,,
2011,2011,10,9,10,0.175944,1,,0 ,,
2011,2011,10,9,23,0.767987,2,,0 ,,
2011,2011,10,10,17,0.479584,1,,0 ,,
2011,2011,10,10,21,0.6,1,,0 ,,
2011,2011,10,10,23,0.372046,1,,0 ,,
2011,2011,10,11,0,0.3140425,2,,0 ,,
2011,2011,10,11,23,0.583173,2,,0 ,,
2011,2011,10,12,0,0.3325266,4,,0 ,,
2011,2011,10,12,14,0.29115,1,,0 ,,
2011,2011,10,12,23,0.5792385,2,,0 ,,
2011,2011,10,13,0,0.443558,1,,0 ,,
2011,2011,10,13,3,0.691109,1,,0 ,,
2011,2011,10,13,12,0.85864,1,,0 ,,
2011,2011,10,13,19,0.231054,1,,0 ,,
2011,2011,10,13,21,0.833584,1,,0 ,,
2011,2011,10,13,23,0.214136767,3,,0 ,,
2011,2011,10,14,0,0.153435,1,,0 ,,
2011,2011,10,14,23,0.20672,1,,0 ,,
2011,2011,10,15,0,0.634582,1,,0 ,,
2011,2011,10,15,14,0.232032,2,,0 ,,
2011,2011,10,16,0,0.2663665,2,,0 ,,
2011,2011,10,16,22,0.257886,1,,0 ,,
2011,2011,10,16,23,0.418773667,3,从来不敢细看家人的脸，好像看一眼他们就会更加衰老。也怕他们仔细看我的脸，好像隐身没成功一样手足无措,1 ,,
2011,2011,10,17,7,0.416814,1,,0 ,,
2011,2011,10,17,18,0.344938,1,,0 ,,
2011,2011,10,18,15,0.307414,1,,0 ,,
2011,2011,10,18,20,0.806558,1,,0 ,,
2011,2011,10,19,2,0.420753,1,,0 ,,
2011,2011,10,19,7,0.822071,1,,0 ,,
2011,2011,10,19,9,0.487601,1,,0 ,,
2011,2011,10,19,23,0.431731,4,,0 ,,
2011,2011,10,20,23,0.56,1,,0 ,,
2011,2011,10,21,19,0.134053,1,,0 ,,
2011,2011,10,22,0,0.800439,1,,0 ,,
2011,2011,10,22,22,0.329263,1,,0 ,,
2011,2011,10,22,23,0.3138938,2,,0 ,,
2011,2011,10,23,8,0.6963525,2,,0 ,,
2011,2011,10,23,14,0.363129,1,,0 ,,
2011,2011,10,23,21,0.56,1,,0 ,,
2011,2011,10,23,23,0.866967,1,,0 ,,
2011,2011,10,24,23,0.227837466,7,,0 ,,
2011,2011,10,25,0,0.596514,1,,0 ,,
2011,2011,10,25,10,0.5095885,2,,0 ,,
2011,2011,10,25,22,0.64,1,,0 ,,
2011,2011,10,25,23,0.0412572,1,,0 ,,
2011,2011,10,26,15,0.4703917,4,,0 ,,
2011,2011,10,27,1,0.541907,1,,0 ,,
2011,2011,10,27,13,0.584121,1,,0 ,,
2011,2011,10,27,14,0.373864333,3,,0 ,,
2011,2011,10,27,16,0.119109,1,,0 ,,
2011,2011,10,28,0,0.1957414,2,,0 ,,
2011,2011,10,28,1,0.411923,1,躲了一辈子的雨，雨会不会很伤心,1 ,I've avoided rain all my life. Will rain be sad?,1
2011,2011,10,28,10,0.392739,2,,0 ,,
2011,2011,10,28,22,0.3752945,2,,0 ,,
2011,2011,10,29,1,0.107326,1,,0 ,,
2011,2011,10,29,7,0.175695667,3,,0 ,,
2011,2011,10,29,12,0.141748,1,,0 ,,
2011,2011,10,29,14,0.091993,1,,0 ,,
2011,2011,10,29,20,0.539321,1,,0 ,,
2011,2011,10,30,1,0.55772,1,,0 ,,
2011,2011,10,30,15,0.395095,1,,0 ,,
2011,2011,10,30,23,0.2904565,2,,0 ,,
2011,2011,10,31,0,0.5390375,2,,0 ,,
2011,2011,10,31,9,0.215475,1,,0 ,,
2011,2011,10,31,21,0.72927,1,,0 ,,
2011,2011,11,1,0,0.2765463,4,,0 ,,
2011,2011,11,1,10,0.373600667,3,,0 ,,
2011,2011,11,1,11,0.182284,1,,0 ,,
2011,2011,11,1,12,0.381247,1,,0 ,,
2011,2011,11,1,23,0.322264667,3,,0 ,,
2011,2011,11,2,0,0.633242,1,,0 ,,
2011,2011,11,2,20,0.116468,1,,0 ,,
2011,2011,11,2,22,0.259005,1,,0 ,,
2011,2011,11,2,23,0.176810333,3,决定不害怕别人讨厌我,1 ,Decided not to be afraid of others not liking me.,1
2011,2011,11,3,14,0.355438333,3,,0 ,,
2011,2011,11,3,18,0.339334,1,,0 ,,
2011,2011,11,3,19,0.685872,1,,0 ,,
2011,2011,11,3,21,0.291371,1,,0 ,,
2011,2011,11,3,23,0.480022,2,,0 ,,
2011,2011,11,4,0,0.651558,1,,0 ,,
2011,2011,11,4,8,0.26409125,4,,0 ,,
2011,2011,11,4,13,0.681742,1,,0 ,,
2011,2011,11,5,23,0.1413651,2,,0 ,,
2011,2011,11,6,0,0.591228,1,,0 ,,
2011,2011,11,6,10,0.667332,1,,0 ,,
2011,2011,11,6,21,0.0311866,1,,0 ,,
2011,2011,11,6,22,0.257683757,7,,0 ,,
2011,2011,11,7,8,0.500916,2,,0 ,,
2011,2011,11,7,23,0.414177,3,,0 ,,
2011,2011,11,8,0,0.254457475,4,心情不好的人有权利不睡觉盯着黑色的空气发呆,1 ,People in bad moods are entitled to stare into the void at night.,1
2011,2011,11,8,10,0.553402333,3,,0 ,,
2011,2011,11,8,21,0.653834,1,,0 ,,
2011,2011,11,8,22,0.180954,1,,0 ,,
2011,2011,11,8,23,0.3150871,4,,0 ,,
2011,2011,11,9,7,0.838581,1,,0 ,,
2011,2011,11,9,14,0.118722,1,,0 ,,
2011,2011,11,9,23,0.4664115,4,,0 ,,
2011,2011,11,10,8,0.189772,1,,0 ,,
2011,2011,11,10,10,0.532717,1,,0 ,,
2011,2011,11,10,22,0.747966,1,,0 ,,
2011,2011,11,10,23,0.336206,1,,0 ,,
2011,2011,11,11,0,0.59691,2,,0 ,,
2011,2011,11,11,18,0.399179,1,,0 ,,
2011,2011,11,12,0,0.668187,1,,0 ,,
2011,2011,11,12,20,0.70182,1,,0 ,,
2011,2011,11,13,0,0.3022527,2,,0 ,,
2011,2011,11,13,13,0.0775353,2,,0 ,,
2011,2011,11,13,17,0.57201,1,,0 ,,
2011,2011,11,13,21,0.700173,1,,0 ,,
2011,2011,11,13,23,0.320765,4,你们都如同那闪耀的星星，因为我调成了夜间模式,1 ,"You are all as bright as stars, because I'm in night mode.",1
2011,2011,11,14,0,0.488963333,3,,0 ,,
2011,2011,11,14,8,0.818478,1,,0 ,,
2011,2011,11,14,9,0.0203124,2,,0 ,,
2011,2011,11,14,18,0.30098825,2,,0 ,,
2011,2011,11,14,23,0.312932383,6,,0 ,,
2011,2011,11,15,0,0.6004115,4,,0 ,,
2011,2011,11,15,12,0.3186489,3,,0 ,,
2011,2011,11,15,19,0.765644,2,,0 ,,
2011,2011,11,15,21,0.300988,1,,0 ,,
2011,2011,11,15,22,0.390022333,3,,0 ,,
2011,2011,11,15,23,0.115262,1,,0 ,,
2011,2011,11,16,0,0.258108117,6,,0 ,,
2011,2011,11,16,8,0.500486,1,,0 ,,
2011,2011,11,16,15,0.245325,1,,0 ,,
2011,2011,11,16,17,0.456884,1,,0 ,,
2011,2011,11,16,23,0.4506035,3,,0 ,,
2011,2011,11,17,15,0.195158,1,,0 ,,
2011,2011,11,17,18,0.6095725,2,,0 ,,
2011,2011,11,17,19,0.338,1,,0 ,,
2011,2011,11,17,22,0.442615,1,,0 ,,
2011,2011,11,17,23,0.42612778,5,,0 ,,
2011,2011,11,18,0,0.512557,1,,0 ,,
2011,2011,11,18,4,0.320602,1,,0 ,,
2011,2011,11,18,10,0.332258,1,,0 ,,
2011,2011,11,18,20,0.210012,1,,0 ,,
2011,2011,11,18,22,0.113131,1,,0 ,,
2011,2011,11,18,23,0.566291967,3,,0 ,,
2011,2011,11,19,0,0.21423638,5,,0 ,,
2011,2011,11,19,10,0.54,1,,0 ,,
2011,2011,11,19,11,0.0761787,1,,0 ,,
2011,2011,11,19,12,0.648157,1,,0 ,,
2011,2011,11,19,20,0.522894,1,,0 ,,
2011,2011,11,19,21,0.132208,2,,0 ,,
2011,2011,11,19,22,0.334458,1,,0 ,,
2011,2011,11,19,23,0.5340402,5,,0 ,,
2011,2011,11,20,0,0.4624,1,如果泰坦尼克号IMAX的话能让我有欲淹欲死的感觉吗星星眼,1 ,"If ""Titanic"" is in IMAX, will I be able to feel like I'm drowning? (?ω?) ",1
2011,2011,11,20,22,0.88035,1,,0 ,,
2011,2011,11,20,23,0.389581983,6,,0 ,,
2011,2011,11,21,11,0.520444,1,,0 ,,
2011,2011,11,21,18,0.315055,2,,0 ,,
2011,2011,11,21,20,0.503589,2,,0 ,,
2011,2011,11,21,22,0.745522,1,,0 ,,
2011,2011,11,21,23,0.298155025,4,,0 ,,
2011,2011,11,22,0,0.474211333,3,,0 ,,
2011,2011,11,22,10,0.521233,1,,0 ,,
2011,2011,11,22,12,0.276395,2,,0 ,,
2011,2011,11,22,13,0.0420876,1,,0 ,,
2011,2011,11,22,16,0.4208225,2,,0 ,,
2011,2011,11,22,18,0.216618,1,,0 ,,
2011,2011,11,22,20,0.387043,1,,0 ,,
2011,2011,11,22,21,0.940122,1,,0 ,,
2011,2011,11,22,23,0.20699,1,,0 ,,
2011,2011,11,23,0,0.97744,1,,0 ,,
2011,2011,11,23,9,0.142169,1,,0 ,,
2011,2011,11,23,11,0.277832,1,,0 ,,
2011,2011,11,23,13,0.073561,1,,0 ,,
2011,2011,11,23,15,0.394611,1,,0 ,,
2011,2011,11,23,17,0.315115,2,,0 ,,
2011,2011,11,23,18,0.153944495,4,,0 ,,
2011,2011,11,23,20,0.0363461,1,,0 ,,
2011,2011,11,23,21,0.240935,3,,0 ,,
2011,2011,11,23,22,0.554373,2,,0 ,,
2011,2011,11,23,23,0.5578328,5,,0 ,,
2011,2011,11,24,0,0.374949,1,,0 ,,
2011,2011,11,24,22,0.3490325,2,,0 ,,
2011,2011,11,24,23,0.644468,3,,0 ,,
2011,2011,11,25,0,0.3830705,2,,0 ,,
2011,2011,11,25,1,0.438606,1,,0 ,,
2011,2011,11,25,10,0.538813,1,,0 ,,
2011,2011,11,25,19,0.59886425,4,我觉得我最近话说的够少了，值得奖励,1 ,I think I haven't been talking much. I should be rewarded.,1
2011,2011,11,25,23,0.440923367,3,,0 ,,
2011,2011,11,26,0,0.662024,1,,0 ,,
2011,2011,11,26,15,0.73,1,,0 ,,
2011,2011,11,26,23,0.534119333,3,,0 ,,
2011,2011,11,27,0,0.301798617,6,,0 ,,
2011,2011,11,27,9,0.4246635,2,,0 ,,
2011,2011,11,27,10,0.498088,1,,0 ,,
2011,2011,11,27,14,0.674528,1,,0 ,,
2011,2011,11,27,17,0.733842,1,,0 ,,
2011,2011,11,27,21,0.167504,2,,0 ,,
2011,2011,11,27,22,0.649916,1,,0 ,,
2011,2011,11,27,23,0.36150078,5,,0 ,,
2011,2011,11,28,13,0.316823,2,,0 ,,
2011,2011,11,28,16,0.145494,1,,0 ,,
2011,2011,11,28,17,0.65405,1,,0 ,,
2011,2011,11,28,20,0.8531155,2,,0 ,,
2011,2011,11,29,0,0.169923,2,,0 ,,
2011,2011,11,29,9,0.290182,1,,0 ,,
2011,2011,11,29,13,0.485626333,3,,0 ,,
2011,2011,11,29,14,0.421073,2,,0 ,,
2011,2011,11,30,0,0.363336,1,,0 ,,
2011,2011,11,30,1,0.476577333,3,别等人捡，你在垃圾里也不算出众,1 ,Don't wait to be picked up: You don't even stand out among trash.,1
2011,2011,11,30,22,0.117096,1,,0 ,,
2011,2011,12,1,0,0.415768,7,,0 ,,
2011,2011,12,1,1,0.287382,2,,0 ,,
2011,2011,12,1,8,0.23894465,2,,0 ,,
2011,2011,12,1,16,0.0225981,1,,0 ,,
2011,2011,12,1,19,0.756364,1,,0 ,,
2011,2011,12,1,20,0.358015,1,,0 ,,
2011,2011,12,1,23,0.44,1,,0 ,,
2011,2011,12,2,1,0.43168,1,,0 ,,
2011,2011,12,2,5,0.64735,1,,0 ,,
2011,2011,12,2,6,0.0476331,1,,0 ,,
2011,2011,12,2,9,0.3559925,2,,0 ,,
2011,2011,12,2,15,0.552059,2,,0 ,,
2011,2011,12,2,18,0.476386,1,,0 ,,
2011,2011,12,2,19,0.457872,1,,0 ,,
2011,2011,12,3,2,0.403697,1,,0 ,,
2011,2011,12,3,9,0.40346,1,,0 ,,
2011,2011,12,3,12,0.337303667,3,,0 ,,
2011,2011,12,3,22,0.770277,1,,0 ,,
2011,2011,12,3,23,0.306789,3,,0 ,,
2011,2011,12,4,0,0.163932,1,,0 ,,
2011,2011,12,4,1,0.1451145,2,,0 ,,
2011,2011,12,4,17,0.277698,4,,0 ,,
2011,2011,12,4,18,0.7139695,2,,0 ,,
2011,2011,12,4,20,1,1,,0 ,,
2011,2011,12,4,21,0.41747,1,,0 ,,
2011,2011,12,4,22,0.27005485,2,,0 ,,
2011,2011,12,5,0,0.570281667,3,,0 ,,
2011,2011,12,5,1,0.36424775,4,,0 ,,
2011,2011,12,5,8,0.156276,1,装睡等到点走人,1 ,Pretend to be asleep until the right time.,1
2011,2011,12,5,23,0.12394275,2,,0 ,,
2011,2011,12,6,0,0.682644667,3,,0 ,,
2011,2011,12,6,13,0.0190326,1,,0 ,,
2011,2011,12,6,14,0.0852489,1,,0 ,,
2011,2011,12,6,15,0.565955,1,,0 ,,
2011,2011,12,6,18,0.20621,1,,0 ,,
2011,2011,12,6,23,0.20322,1,,0 ,,
2011,2011,12,7,18,0.112577,1,,0 ,,
2011,2011,12,7,19,0.234499,1,,0 ,,
2011,2011,12,8,0,0.5856395,2,,0 ,,
2011,2011,12,8,11,0.260616,2,,0 ,,
2011,2011,12,8,13,0.548851857,7,,0 ,,
2011,2011,12,8,14,0.3683417,2,,0 ,,
2011,2011,12,8,15,0.530398,2,,0 ,,
2011,2011,12,8,16,0.273111,1,,0 ,,
2011,2011,12,8,22,0.202077,1,,0 ,,
2011,2011,12,8,23,0.150367733,3,,0 ,,
2011,2011,12,9,21,0.0183378,1,,0 ,,
2011,2011,12,9,22,0.290859325,4,,0 ,,
2011,2011,12,9,23,0.3511315,2,,0 ,,
2011,2011,12,10,12,0.388909517,6,,0 ,,
2011,2011,12,10,22,0.109186,1,,0 ,,
2011,2011,12,10,23,0.4952705,6,,0 ,,
2011,2011,12,11,10,0.280459,1,,0 ,,
2011,2011,12,11,20,0.1867891,2,,0 ,,
2011,2011,12,11,21,0.3829355,2,,0 ,,
2011,2011,12,11,22,0.45611,2,,0 ,,
2011,2011,12,11,23,0.712242,1,,0 ,,
2011,2011,12,12,12,0.854248,1,,0 ,,
2011,2011,12,12,14,0.287595,1,,0 ,,
2011,2011,12,12,15,0.368837,1,,0 ,,
2011,2011,12,13,0,0.418321,1,,0 ,,
2011,2011,12,13,22,0.373209,2,,0 ,,
2011,2011,12,13,23,0.457546,1,,0 ,,
2011,2011,12,14,2,0.3738537,2,,0 ,,
2011,2011,12,14,11,0.287564333,3,,0 ,,
2011,2011,12,14,12,0.0666679,1,,0 ,,
2011,2011,12,14,21,0.452502333,3,大脑很慌张的时候就去看各种看mv【游戏和电视剧都无法接纳,1 ,,
2011,2011,12,14,23,0.443421225,4,,0 ,,
2011,2011,12,15,0,0.4528813,4,,0 ,,
2011,2011,12,15,1,0.4330046,5,,0 ,,
2011,2011,12,15,21,0.0886544,1,,0 ,,
2011,2011,12,15,22,0.14941,1,,0 ,,
2011,2011,12,15,23,0.3342377,2,,0 ,,
2011,2011,12,16,0,0.935908,1,,0 ,,
2011,2011,12,16,13,0.25629425,2,,0 ,,
2011,2011,12,16,14,0.185646,1,,0 ,,
2011,2011,12,16,20,0.0822682,1,,0 ,,
2011,2011,12,16,22,0.150454533,3,,0 ,,
2011,2011,12,16,23,0.1659345,2,,0 ,,
2011,2011,12,17,0,0.559363,1,,0 ,,
2011,2011,12,17,19,0.455326333,3,,0 ,,
2011,2011,12,17,20,0.5412945,2,,0 ,,
2011,2011,12,17,22,0.113102,1,,0 ,,
2011,2011,12,17,23,0.224215667,3,,0 ,,
2011,2011,12,18,0,0.336599425,4,,0 ,,
2011,2011,12,18,9,0.334687,1,,0 ,,
2011,2011,12,18,12,0.16191005,2,,0 ,,
2011,2011,12,18,15,0.483802,3,,0 ,,
2011,2011,12,18,16,0.622273,2,,0 ,,
2011,2011,12,18,19,0.518377,1,,0 ,,
2011,2011,12,18,22,0.506333,1,,0 ,,
2011,2011,12,20,0,0.783813,1,,0 ,,
2011,2011,12,20,12,0.287312,1,,0 ,,
2011,2011,12,20,14,0.07013455,2,,0 ,,
2011,2011,12,20,19,0.461565,3,,0 ,,
2011,2011,12,20,20,0.027836,2,,0 ,,
2011,2011,12,20,23,0.325449,1,,0 ,,
2011,2011,12,21,0,0.14776435,2,,0 ,,
2011,2011,12,21,1,0.2274685,2,,0 ,,
2011,2011,12,21,16,0.6464945,2,,0 ,,
2011,2011,12,22,1,0.41847848,5,我不相信有世界末日这种好事，就算有肯定也是在我自杀后发生,1 ,"I don't think something as good as the apocalypse exists. Even if it does, it will only happen after I commit suicide.",1
2011,2011,12,22,15,0.302922,1,,0 ,,
2011,2011,12,22,21,0.684177,1,,0 ,,
2011,2011,12,22,22,0.544239667,3,,0 ,,
2011,2011,12,23,1,0.659539333,3,,0 ,,
2011,2011,12,23,2,0.169274,1,,0 ,,
2011,2011,12,23,10,0.269342,1,,0 ,,
2011,2011,12,23,11,0.6086,1,,0 ,,
2011,2011,12,24,2,0.604296333,3,,0 ,,
2011,2011,12,24,14,0.6359895,2,,0 ,,
2011,2011,12,24,18,0.2416858,2,,0 ,,
2011,2011,12,24,20,0.59769,1,,0 ,,
2011,2011,12,24,23,0.0249897,1,,0 ,,
2011,2011,12,25,1,0.406534,3,,0 ,,
2011,2011,12,25,2,0.271888667,3,,0 ,,
2011,2011,12,25,10,0.536453,1,,0 ,,
2011,2011,12,25,11,0.447321,1,,0 ,,
2011,2011,12,25,15,0.479753,1,,0 ,,
2011,2011,12,25,17,0.0808878,1,,0 ,,
2011,2011,12,25,18,0.421773,1,,0 ,,
2011,2011,12,25,22,0.213826,1,,0 ,,
2011,2011,12,25,23,0.481572667,3,,0 ,,
2011,2011,12,26,0,0.302489,1,,0 ,,
2011,2011,12,26,8,0.446525,1,,0 ,,
2011,2011,12,26,9,0.443472667,3,,0 ,,
2011,2011,12,26,16,0.66757,1,,0 ,,
2011,2011,12,26,17,0.422707,1,,0 ,,
2011,2011,12,27,1,0.0122779,1,,0 ,,
2011,2011,12,27,12,0.717126,1,,0 ,,
2011,2011,12,27,15,0.191504,2,“我已经在尽我最大的能力等死了” ,1 ,"""I've been trying my best to wait for death""",1
2011,2011,12,28,1,0.316854982,11,,0 ,,
2011,2011,12,28,18,0.0402672,1,,0 ,,
2011,2011,12,28,19,0.5446205,2,,0 ,,
2011,2011,12,28,20,0.5853035,2,,0 ,,
2011,2011,12,28,21,0.740497,1,,0 ,,
2011,2011,12,28,22,0.4859735,2,,0 ,,
2011,2011,12,29,1,0.5266185,4,,0 ,,
2011,2011,12,29,14,0.260332175,4,,0 ,,
2011,2011,12,29,16,0.106177,1,,0 ,,
2011,2011,12,29,18,0.122364,1,,0 ,,
2011,2011,12,29,23,0.502187667,3,,0 ,,
2011,2011,12,30,0,0.3271815,6,,0 ,,
2011,2011,12,30,16,0.52301,1,,0 ,,
2011,2011,12,30,19,0.0378515,1,,0 ,,
2011,2011,12,30,20,0.142244,1,,0 ,,
2011,2011,12,30,23,0.444114133,3,,0 ,,
2011,2011,12,31,11,0.319932033,3,,0 ,,
2011,2011,12,31,12,0.54172,1,,0 ,,
2011,2011,12,31,14,0.653439,1,,0 ,,
2011,2011,12,31,16,0.774988,1,,0 ,,
2011,2011,12,31,20,0.0343672,1,,0 ,,
2012,2012,1,1,0,0.4984495,2,,0 ,,
2012,2012,1,1,1,0.00995313,1,,0 ,,
2012,2012,1,1,10,0.186481,1,,0 ,,
2012,2012,1,1,15,0.2111535,2,但是网线断了这件事还是表现了我的不严谨，要吸取教训,1 ,The cut cable still reveals my lack of caution. Lesson learned.,1
2012,2012,1,1,16,0.396632,2,,0 ,,
2012,2012,1,1,18,0.846636,1,,0 ,,
2012,2012,1,1,20,0.2018885,2,,0 ,,
2012,2012,1,2,9,0.379932,1,,0 ,,
2012,2012,1,2,15,0.435401333,3,,0 ,,
2012,2012,1,2,16,0.59,1,,0 ,,
2012,2012,1,2,18,0.447602,1,,0 ,,
2012,2012,1,2,21,0.3887815,2,,0 ,,
2012,2012,1,2,22,0.15697,1,,0 ,,
2012,2012,1,3,9,0.539681,1,,0 ,,
2012,2012,1,3,23,0.36997985,2,,0 ,,
2012,2012,1,4,0,0.647435,2,,0 ,,
2012,2012,1,4,1,0.627961467,3,,0 ,,
2012,2012,1,4,9,0.39586,1,,0 ,,
2012,2012,1,4,15,0.28404,1,,0 ,,
2012,2012,1,4,23,0.0748133,1,,0 ,,
2012,2012,1,5,7,0.619449,1,,0 ,,
2012,2012,1,5,9,0.304791,1,,0 ,,
2012,2012,1,5,10,0.55189975,4,,0 ,,
2012,2012,1,5,18,0.740502,1,,0 ,,
2012,2012,1,5,19,0.198574,1,,0 ,,
2012,2012,1,5,21,0.153148,1,,0 ,,
2012,2012,1,5,22,0.202046,1,,0 ,,
2012,2012,1,5,23,0.28040525,4,,0 ,,
2012,2012,1,6,11,0.6287125,2,,0 ,,
2012,2012,1,6,14,0.4647855,2,,0 ,,
2012,2012,1,6,15,0.8329298,5,,0 ,,
2012,2012,1,6,19,0.234148,2,,0 ,,
2012,2012,1,6,20,0.465761,1,,0 ,,
2012,2012,1,6,23,0.1970902,3,,0 ,,
2012,2012,1,7,19,0.901559,1,,0 ,,
2012,2012,1,7,22,0.371859,3,,0 ,,
2012,2012,1,7,23,0.68,1,,0 ,,
2012,2012,1,8,0,0.904827,1,,0 ,,
2012,2012,1,8,3,0.797367,1,,0 ,,
2012,2012,1,9,10,0.2978442,2,,0 ,,
2012,2012,1,9,20,0.372946,2,,0 ,,
2012,2012,1,9,21,0.504612333,3,,0 ,,
2012,2012,1,9,22,0.43,1,,0 ,,
2012,2012,1,10,1,0.08555595,2,,0 ,,
2012,2012,1,10,2,0.0705615,1,天也没塌只是黑了，我说什么都不会妨碍天再亮起来,1 ,,
2012,2012,1,10,5,0.0383729,1,,0 ,,
2012,2012,1,10,20,0.456135,1,,0 ,,
2012,2012,1,10,22,0.531595,1,,0 ,,
2012,2012,1,10,23,0.411543,1,,0 ,,
2012,2012,1,11,10,0.0435528,1,,0 ,,
2012,2012,1,12,8,0.112728,1,,0 ,,
2012,2012,1,12,11,0.67881,1,,0 ,,
2012,2012,1,12,13,0.0665973,1,,0 ,,
2012,2012,1,12,16,0.2479795,2,,0 ,,
2012,2012,1,12,19,0.603703,1,,0 ,,
2012,2012,1,12,21,0.0852252,1,,0 ,,
2012,2012,1,12,22,0.80344,1,,0 ,,
2012,2012,1,13,0,0.582236,1,,0 ,,
2012,2012,1,13,23,0.38646015,4,,0 ,,
2012,2012,1,14,11,0.0708775,1,,0 ,,
2012,2012,1,14,17,0.5140945,2,,0 ,,
2012,2012,1,14,19,0.764443,1,,0 ,,
2012,2012,1,14,20,0.53093,1,,0 ,,
2012,2012,1,14,22,0.457600967,3,,0 ,,
2012,2012,1,14,23,0.4948495,2,,0 ,,
2012,2012,1,15,15,0.315901,1,,0 ,,
2012,2012,1,15,16,0.452597,1,,0 ,,
2012,2012,1,15,17,0.634582333,3,,0 ,,
2012,2012,1,15,21,0.241674,1,,0 ,,
2012,2012,1,15,23,0.43177125,4,,0 ,,
2012,2012,1,16,14,0.716996,1,,0 ,,
2012,2012,1,16,16,0.287212,3,,0 ,,
2012,2012,1,16,19,0.43,1,,0 ,,
2012,2012,1,16,20,0.186848,1,,0 ,,
2012,2012,1,16,21,0.0456124,1,,0 ,,
2012,2012,1,17,10,0.1146,1,,0 ,,
2012,2012,1,17,22,0.0910947,1,啥也别想就每分钟想想不如顺便活到下一分钟罢,1 ,Not thinking of anything other than lasting until the next minute.,1
2012,2012,1,18,13,0.302473,1,,0 ,,
2012,2012,1,18,15,0.777367,1,,0 ,,
2012,2012,1,18,17,0.635302,1,,0 ,,
2012,2012,1,18,18,0.320723,1,,0 ,,
2012,2012,1,18,21,0.326823,2,,0 ,,
2012,2012,1,18,22,0.4978985,2,,0 ,,
2012,2012,1,18,23,0.472315,1,,0 ,,
2012,2012,1,19,8,0.851651,1,,0 ,,
2012,2012,1,19,21,0.15,1,,0 ,,
2012,2012,1,19,22,0.426117,2,,0 ,,
2012,2012,1,19,23,0.412838,1,,0 ,,
2012,2012,1,20,8,0.5117505,2,,0 ,,
2012,2012,1,20,12,0.156216,1,,0 ,,
2012,2012,1,20,17,0.3192997,3,,0 ,,
2012,2012,1,20,18,0.25786985,2,,0 ,,
2012,2012,1,20,23,0.1795515,2,,0 ,,
2012,2012,1,21,17,0.4958375,2,我想要一个像爸爸的爸爸,1 ,I want a dad who is like a dad.,1
2012,2012,1,21,18,0.654455,4,,0 ,,
2012,2012,1,21,21,0.273358,1,,0 ,,
2012,2012,1,22,0,0.67098,2,,0 ,,
2012,2012,1,22,8,0.30879655,2,,0 ,,
2012,2012,1,22,9,0.757388,1,,0 ,,
2012,2012,1,22,12,0.5213,1,,0 ,,
2012,2012,1,22,13,0.5790955,2,,0 ,,
2012,2012,1,22,17,0.730249,2,,0 ,,
2012,2012,1,22,22,0.833043,1,,0 ,,
2012,2012,1,22,23,0.207868,1,,0 ,,
2012,2012,1,23,0,0.0790746,1,,0 ,,
2012,2012,1,23,8,0.621003,1,,0 ,,
2012,2012,1,23,18,0.60171,1,,0 ,,
2012,2012,1,23,20,0.042928,1,,0 ,,
2012,2012,1,23,23,0.130644267,3,,0 ,,
2012,2012,1,24,11,0.21085,1,,0 ,,
2012,2012,1,24,16,0.888907,1,,0 ,,
2012,2012,1,25,19,0.337212,1,,0 ,,
2012,2012,1,25,21,0.296571,2,,0 ,,
2012,2012,1,26,0,0.289243,1,,0 ,,
2012,2012,1,26,11,0.621567,1,,0 ,,
2012,2012,1,26,16,0.259653,1,,0 ,,
2012,2012,1,26,19,0.392264,2,,0 ,,
2012,2012,1,26,20,0.976337,1,,0 ,,
2012,2012,1,27,0,0.28869615,2,,0 ,,
2012,2012,1,27,10,0.0776235,1,,0 ,,
2012,2012,1,27,17,0.6320415,2,,0 ,,
2012,2012,1,27,18,0.140747,1,,0 ,,
2012,2012,1,27,20,0.21,1,,0 ,,
2012,2012,1,27,22,0.145285,1,,0 ,,
2012,2012,1,27,23,0.316134,2,,0 ,,
2012,2012,1,28,0,0.4042645,2,,0 ,,
2012,2012,1,28,2,0.837609,1,,0 ,,
2012,2012,1,28,10,0.290841,1,,0 ,,
2012,2012,1,28,21,0.379009,1,,0 ,,
2012,2012,1,28,22,0.516144333,3,每天所剩的休闲时光都在犯累和与自己僵持中度过,1 ,All of my spare time is spent feeling tired and being in a stalemate with myself.,1
2012,2012,1,29,0,0.521772,1,,0 ,,
2012,2012,1,29,1,0.677928,1,,0 ,,
2012,2012,1,29,13,0.417527,2,,0 ,,
2012,2012,1,29,19,0.0110049,1,,0 ,,
2012,2012,1,29,20,0.503814967,3,,0 ,,
2012,2012,1,30,0,0.255395,1,,0 ,,
2012,2012,1,30,9,0.116068,1,,0 ,,
2012,2012,1,30,22,0.224118,1,,0 ,,
2012,2012,1,30,23,0.34,1,,0 ,,
2012,2012,1,31,1,0.610232467,6,,0 ,,
2012,2012,1,31,2,0.2556355,2,,0 ,,
2012,2012,1,31,11,0.0689986,1,,0 ,,
2012,2012,1,31,14,0.1129646,2,,0 ,,
2012,2012,1,31,20,0.358327,1,,0 ,,
2012,2012,1,31,23,0.61,1,,0 ,,
2012,2012,2,1,0,0.438778333,3,,0 ,,
2012,2012,2,1,19,0.317639,2,,0 ,,
2012,2012,2,1,23,0.224147,1,,0 ,,
2012,2012,2,2,0,0.5210734,5,,0 ,,
2012,2012,2,2,17,0.0972408,1,,0 ,,
2012,2012,2,3,0,0.438218871,7,逗我自己开心就够我忙的了，忙坏了这条微博差点没空发,1 ,So busy cheering myself up that I almost didn’t have time to post this to Weibo.,1
2012,2012,2,3,14,0.62942,2,,0 ,,
2012,2012,2,3,16,0.0955994,1,,0 ,,
2012,2012,2,4,0,0.70201,1,,0 ,,
2012,2012,2,4,1,0.573068,7,,0 ,,
2012,2012,2,4,16,0.293905,1,,0 ,,
2012,2012,2,4,18,0.441554,1,,0 ,,
2012,2012,2,4,20,0.611913,3,,0 ,,
2012,2012,2,4,21,0.0566913,1,,0 ,,
2012,2012,2,4,22,0.61198,3,,0 ,,
2012,2012,2,5,1,0.512197,1,,0 ,,
2012,2012,2,5,16,0.24625,1,,0 ,,
2012,2012,2,5,17,0.279962,1,,0 ,,
2012,2012,2,5,22,0.194683,1,,0 ,,
2012,2012,2,5,23,0.31372,1,,0 ,,
2012,2012,2,6,0,0.75438,1,,0 ,,
2012,2012,2,6,1,0.1962283,2,,0 ,,
2012,2012,2,6,2,0.2430215,2,,0 ,,
2012,2012,2,6,7,0.4935765,2,,0 ,,
2012,2012,2,6,17,0.597472,2,,0 ,,
2012,2012,2,7,0,0.40828177,3,,0 ,,
2012,2012,2,7,1,0.306416967,6,互相关注以后，在小号的页面抱抱我的大号，在大号的页面亲亲我的小号,1 ,,
2012,2012,2,7,20,0.661651,1,,0 ,,
2012,2012,2,7,21,0.10333515,2,,0 ,,
2012,2012,2,8,1,0.40864306,5,,0 ,,
2012,2012,2,8,2,0.396526,3,,0 ,,
2012,2012,2,8,3,0.396951333,3,,0 ,,
2012,2012,2,8,4,0.325846075,4,,0 ,,
2012,2012,2,8,5,0.521666,2,,0 ,,
2012,2012,2,8,10,0.513384,1,,0 ,,
2012,2012,2,8,13,0.664385,1,,0 ,,
2012,2012,2,8,18,0.784541,1,,0 ,,
2012,2012,2,8,23,0.415374,1,,0 ,,
2012,2012,2,9,0,0.431549,1,,0 ,,
2012,2012,2,9,1,0.43093,1,,0 ,,
2012,2012,2,9,2,0.540694333,3,我所有的理智，都用作来粉饰我的丧心病狂,1 ,All of my reason is used to cover my madness.,1
2012,2012,2,9,3,0.40945225,4,,0 ,,
2012,2012,2,9,10,0.733032,1,,0 ,,
2012,2012,2,9,15,0.328698,1,,0 ,,
2012,2012,2,9,19,0.671279,1,,0 ,,
2012,2012,2,9,22,0.0939417,1,,0 ,,
2012,2012,2,9,23,0.351623,1,,0 ,,
2012,2012,2,10,0,0.69127,2,,0 ,,
2012,2012,2,10,1,0.24353228,5,,0 ,,
2012,2012,2,10,2,0.7522925,2,,0 ,,
2012,2012,2,10,6,0.628475,1,,0 ,,
2012,2012,2,10,13,0.2688652,2,,0 ,,
2012,2012,2,10,15,0.18,1,,0 ,,
2012,2012,2,10,20,0.152541,1,,0 ,,
2012,2012,2,10,21,0.342497067,3,,0 ,,
2012,2012,2,10,23,0.797508,1,,0 ,,
2012,2012,2,11,13,0.388214,1,,0 ,,
2012,2012,2,11,21,0.3523325,2,,0 ,,
2012,2012,2,11,22,0.347159,3,,0 ,,
2012,2012,2,11,23,0.426222,1,,0 ,,
2012,2012,2,12,0,0.319928,2,,0 ,,
2012,2012,2,12,1,0.3262905,2,,0 ,,
2012,2012,2,12,15,0.309136,1,,0 ,,
2012,2012,2,12,17,0.192099,1,,0 ,,
2012,2012,2,13,23,0.243867,1,,0 ,,
2012,2012,2,14,1,0.485168333,3,唉每次我骂别人傻逼的时候都是在说我爱你,1 ,"Everytime I say, ""You're stupid,"" I'm actually saying, ""I love you.""",1
2012,2012,2,14,18,0.764286,1,,0 ,,
2012,2012,2,14,23,0.422551,1,,0 ,,
2012,2012,2,15,1,0.318512,1,,0 ,,
2012,2012,2,15,20,0.418617,1,,0 ,,
2012,2012,2,15,21,0.965861,1,,0 ,,
2012,2012,2,15,23,0.582541,1,,0 ,,
2012,2012,2,16,1,0.7525696,5,,0 ,,
2012,2012,2,16,4,0.363125,1,,0 ,,
2012,2012,2,16,19,0.446872,1,,0 ,,
2012,2012,2,16,21,0.241497,1,,0 ,,
2012,2012,2,16,22,0.303041333,3,,0 ,,
2012,2012,2,17,12,0.318944,1,,0 ,,
2012,2012,2,17,13,0.3694702,3,我踏上的每条路的名字都叫做迷路[落叶] ,1 ,,
2012,2012,2,17,17,0.407315,3,,0 ,,
2012,2012,2,17,18,0.27494802,5,,0 ,,
2012,2012,2,17,19,0.144923,1,,0 ,,
2012,2012,2,17,20,0.740726,1,,0 ,,
2012,2012,2,18,0,0.6960725,2,,0 ,,
2012,2012,2,18,11,0.278357,1,,0 ,,
2012,2012,2,18,12,0.282923,1,,0 ,,
2012,2012,2,18,16,0.371101,1,,0 ,,
2012,2012,2,18,22,0.382685,1,,0 ,,
2012,2012,2,18,23,0.0211148,2,,0 ,,
2012,2012,2,19,12,0.160943,1,,0 ,,
2012,2012,2,19,22,0.2032809,2,,0 ,,
2012,2012,2,19,23,0.5842975,2,,0 ,,
2012,2012,2,20,7,0.197804,1,,0 ,,
2012,2012,2,20,18,0.171302033,3,,0 ,,
2012,2012,2,20,20,0.369365,1,,0 ,,
2012,2012,2,20,22,0.4342374,5,世界上最残忍的事情就是为了早起而早睡,1 ,The cruelest thing in the world is going to bed early in order to get up early.,1
2012,2012,2,21,20,0.272275,2,,0 ,,
2012,2012,2,21,23,0.226894,1,,0 ,,
2012,2012,2,22,12,0.0840314,1,,0 ,,
2012,2012,2,22,18,0.453962667,6,,0 ,,
2012,2012,2,22,23,0.435528275,4,,0 ,,
2012,2012,2,23,6,0.337501,1,,0 ,,
2012,2012,2,23,7,0.751347,1,,0 ,,
2012,2012,2,23,8,0.2235979,2,,0 ,,
2012,2012,2,23,17,0.580812,1,,0 ,,
2012,2012,2,23,21,0.97567,1,,0 ,,
2012,2012,2,24,13,0.7471105,2,,0 ,,
2012,2012,2,24,18,0.249655,1,,0 ,,
2012,2012,2,24,19,0.2765814,2,,0 ,,
2012,2012,2,24,23,0.29875,1,,0 ,,
2012,2012,2,25,0,0.376823667,3,,0 ,,
2012,2012,2,25,16,0.692813,1,,0 ,,
2012,2012,2,25,18,0.444411,1,,0 ,,
2012,2012,2,25,22,0.499424,2,,0 ,,
2012,2012,2,25,23,0.122001,1,,0 ,,
2012,2012,2,26,0,0.458359,3,,0 ,,
2012,2012,2,26,13,0.68863,1,,0 ,,
2012,2012,2,26,16,0.00633324,1,,0 ,,
2012,2012,2,26,17,0.3134096,5,,0 ,,
2012,2012,2,26,21,0.776399,1,,0 ,,
2012,2012,2,26,23,0.4389796,3,小时候喜欢贴创口贴，对一切创伤都很好奇，长大是个学会害怕的过程,1 ,I liked Band-Aids when I was little and was curious about all kinds of wounds. Growing up is a process of learning to be afraid.,1
2012,2012,2,27,8,0.277654,1,,0 ,,
2012,2012,2,27,21,0.15733,1,,0 ,,
2012,2012,2,27,23,0.363928767,3,,0 ,,
2012,2012,2,28,7,0.497389,1,,0 ,,
2012,2012,2,28,9,0.526711,1,,0 ,,
2012,2012,2,28,12,0.196508,1,,0 ,,
2012,2012,2,28,19,0.363458333,3,,0 ,,
2012,2012,2,28,23,0.67695675,4,,0 ,,
2012,2012,2,29,7,0.413359,1,,0 ,,
2012,2012,2,29,18,0.525739,1,,0 ,,
2012,2012,2,29,22,0.745233,1,,0 ,,
2012,2012,2,29,23,0.436533,3,,0 ,,
2012,2012,3,1,7,0.588821333,3,,0 ,,
2012,2012,3,1,13,0.48761,2,,0 ,,
2012,2012,3,1,22,0.3855217,3,,0 ,,
2012,2012,3,1,23,0.0329195,1,,0 ,,
2012,2012,3,2,7,0.396039867,3,,0 ,,
2012,2012,3,2,17,0.3284653,2,,0 ,,
2012,2012,3,2,20,0.506073,1,,0 ,,
2012,2012,3,2,21,0.809983,1,,0 ,,
2012,2012,3,2,22,0.13497725,6,,0 ,,
2012,2012,3,2,23,0.55719,1,,0 ,,
2012,2012,3,3,0,0.441146,1,,0 ,,
2012,2012,3,3,13,0.585006,1,,0 ,,
2012,2012,3,3,15,0.543034,1,,0 ,,
2012,2012,3,3,16,0.385216,1,小孩子在医院也能玩的开心，真是嫉妒极了,1 ,"So jealous that kids can have fun, even in hospitals.",1
2012,2012,3,3,19,0.563427,2,,0 ,,
2012,2012,3,4,0,0.269903,5,,0 ,,
2012,2012,3,4,3,0.383435,1,,0 ,,
2012,2012,3,4,20,0.246933,4,,0 ,,
2012,2012,3,4,21,0.213111,1,,0 ,,
2012,2012,3,4,23,0.097872,2,,0 ,,
2012,2012,3,5,0,0.821171,1,,0 ,,
2012,2012,3,5,12,0.4548162,2,,0 ,,
2012,2012,3,5,18,0.476433,1,,0 ,,
2012,2012,3,5,21,0.644374,1,,0 ,,
2012,2012,3,5,22,0.3366595,2,,0 ,,
2012,2012,3,5,23,0.793469,1,,0 ,,
2012,2012,3,6,18,0.621231,2,,0 ,,
2012,2012,3,6,22,0.554389,3,,0 ,,
2012,2012,3,6,23,0.495970333,3,我妈总是在我抓狂的时候咯咯咯笑，唉看在二十多年的交情份上就原谅你,1 ,"My mom always giggles when I'm freaking out. Sigh. I'll forgive you, considering our more than 20 years of friendship.",1
2012,2012,3,7,7,0.135225,1,,0 ,,
2012,2012,3,7,10,0.95,1,,0 ,,
2012,2012,3,7,11,0.337586,1,,0 ,,
2012,2012,3,7,23,0.517899667,3,,0 ,,
2012,2012,3,8,7,0.4344225,4,,0 ,,
2012,2012,3,8,12,0.0664168,1,,0 ,,
2012,2012,3,8,19,0.2356415,2,,0 ,,
2012,2012,3,8,23,0.0275297,1,,0 ,,
2012,2012,3,9,7,0.552614,3,,0 ,,
2012,2012,3,9,21,0.0475477,1,,0 ,,
2012,2012,3,10,0,0.225387,1,,0 ,,
2012,2012,3,10,16,0.7340945,2,,0 ,,
2012,2012,3,10,17,0.6236635,2,,0 ,,
2012,2012,3,10,20,0.582772,1,,0 ,,
2012,2012,3,10,22,0.692917,2,,0 ,,
2012,2012,3,11,0,0.375179,1,,0 ,,
2012,2012,3,11,10,0.526269,2,,0 ,,
2012,2012,3,11,21,0.659547,1,,0 ,,
2012,2012,3,11,22,0.1295978,2,,0 ,,
2012,2012,3,11,23,0.1268631,2,,0 ,,
2012,2012,3,12,7,0.436882733,3,春天到了，卖僵尸粉的头像也换了，灿烂无比,1 ,,
2012,2012,3,12,18,0.2533535,2,,0 ,,
2012,2012,3,12,22,0.374924,1,,0 ,,
2012,2012,3,12,23,0.476200667,3,,0 ,,
2012,2012,3,13,22,0.441090333,3,,0 ,,
2012,2012,3,13,23,0.553675333,3,,0 ,,
2012,2012,3,14,7,0.05816045,2,,0 ,,
2012,2012,3,14,22,0.451931,1,,0 ,,
2012,2012,3,14,23,0.29564816,5,,0 ,,
2012,2012,3,15,7,0.4237,1,,0 ,,
2012,2012,3,15,12,0.19305,1,,0 ,,
2012,2012,3,15,18,0.454123,1,,0 ,,
2012,2012,3,15,21,0.0239752,1,,0 ,,
2012,2012,3,15,22,0.644104,2,,0 ,,
2012,2012,3,15,23,0.280661,1,,0 ,,
2012,2012,3,16,18,0.51087,1,,0 ,,
2012,2012,3,17,0,0.318463671,7,,0 ,,
2012,2012,3,18,10,0.128262,1,我有抑郁症，所以就去死一死，没什么重要的原因，大家不必在意我的离开。拜拜啦。 ,1 ,"I have depression, so I’ll just go die. There’s no important reason, and it’s not a big deal that I’m leaving. Bye-bye!",1
